{
  "stage_mode": "pretrain_2d",
  "batches_scanned": 300,
  "r": {
    "count": 4915200,
    "min": -0.8000631332397461,
    "max": 0.8000631332397461,
    "mean": 0.002250705713676477,
    "std": 0.14717058180437786,
    "frac_gt_1": 0.0,
    "frac_sat_pos_(>=0.999)": 0.0,
    "frac_sat_neg_(<=-0.999)": 0.0
  },
  "i": {
    "count": 4915200,
    "min": -0.8000631332397461,
    "max": 0.8000631332397461,
    "mean": -0.000498482711396188,
    "std": 0.14820340074168603,
    "frac_gt_1": 0.0,
    "frac_sat_pos_(>=0.999)": 0.0,
    "frac_sat_neg_(<=-0.999)": 0.0
  },
  "mag": {
    "count": 4915200,
    "min": 5.1297452046128456e-06,
    "max": 1.131460189819336,
    "mean": 0.13045391499889472,
    "std": 0.16312730663731195,
    "frac_gt_sqrt2": 0.0
  },
  "r_quantiles": {
    "q0.1%": -0.8000026345252991,
    "q1.0%": -0.5203989696502686,
    "q5.0%": -0.24022251591086388,
    "q50.0%": -4.96244592795847e-06,
    "q95.0%": 0.22514906600117657,
    "q99.0%": 0.4541768312454224,
    "q99.5%": 0.5647729012370111,
    "q99.9%": 0.8000003099441528
  },
  "i_quantiles": {
    "q0.1%": -0.8000058531761169,
    "q1.0%": -0.4857842418551445,
    "q5.0%": -0.22335858568549155,
    "q50.0%": 0.0005721359048038721,
    "q95.0%": 0.2497058331966397,
    "q99.0%": 0.48707154244184503,
    "q99.5%": 0.590779845416546,
    "q99.9%": 0.8000026345252991
  },
  "mag_quantiles": {
    "q0.1%": 0.0002271831693506101,
    "q1.0%": 0.000783021068200469,
    "q5.0%": 0.0022757663973607123,
    "q50.0%": 0.06574071571230888,
    "q95.0%": 0.4814551115036011,
    "q99.0%": 0.8006751698255539,
    "q99.5%": 0.8549348112940736,
    "q99.9%": 1.0366842219829513
  },
  "patch_mag_mean_quantiles": {
    "q0.1%": 0.0015017384876264259,
    "q1.0%": 0.002982986040879041,
    "q5.0%": 0.02442064546048641,
    "q50.0%": 0.11882361769676208,
    "q95.0%": 0.2658819243311882,
    "q99.0%": 0.3350394994020462,
    "q99.5%": 0.3600558416545386,
    "q99.9%": 0.3912676586806762
  },
  "patch_mag_std_quantiles": {
    "q0.1%": 0.0011834394512698055,
    "q1.0%": 0.0019513535511214285,
    "q5.0%": 0.03796459157019854,
    "q50.0%": 0.12179860472679138,
    "q95.0%": 0.24634106010198592,
    "q99.0%": 0.2782105147838592,
    "q99.5%": 0.29082464396953556,
    "q99.9%": 0.30330928322672807
  },
  "recommendations": {
    "lpips_max_mag_suggestion": 1.088518363237381,
    "also_consider": {
      "q99.5": 0.854934573173523,
      "q99.9": 1.0366841554641724
    },
    "sqrt2_reference": 1.4142135623730951
  }
}